-- phpMyAdmin SQL Dump
-- version 5.2.0
-- https://www.phpmyadmin.net/
--
-- Servidor: 127.0.0.1:3306
-- Tiempo de generación: 09-11-2023 a las 15:52:49
-- Versión del servidor: 8.0.31
-- Versión de PHP: 8.0.26

SET SQL_MODE = "NO_AUTO_VALUE_ON_ZERO";
START TRANSACTION;
SET time_zone = "+00:00";


/*!40101 SET @OLD_CHARACTER_SET_CLIENT=@@CHARACTER_SET_CLIENT */;
/*!40101 SET @OLD_CHARACTER_SET_RESULTS=@@CHARACTER_SET_RESULTS */;
/*!40101 SET @OLD_COLLATION_CONNECTION=@@COLLATION_CONNECTION */;
/*!40101 SET NAMES utf8mb4 */;

--
-- Base de datos: `bigdata`
--

-- --------------------------------------------------------

--
-- Estructura de tabla para la tabla `encuesta`
--

DROP TABLE IF EXISTS `encuesta`;
CREATE TABLE IF NOT EXISTS `encuesta` (
  `id_encuesta` int NOT NULL AUTO_INCREMENT,
  `edad` int NOT NULL,
  `id_localidad` int NOT NULL,
  `id_genero` int NOT NULL,
  `id_nivel` int NOT NULL,
  `respuesta1` varchar(255) DEFAULT NULL,
  `respuesta2` varchar(255) DEFAULT NULL,
  `respuesta3` varchar(255) DEFAULT NULL,
  `respuesta4` varchar(255) DEFAULT NULL,
  `respuesta5` varchar(255) DEFAULT NULL,
  `respuesta6` varchar(255) DEFAULT NULL,
  `respuesta7` varchar(255) DEFAULT NULL,
  `respuesta8` varchar(255) DEFAULT NULL,
  `respuesta9` varchar(255) DEFAULT NULL,
  `respuesta10` varchar(255) DEFAULT NULL,
  `respuesta11` varchar(255) DEFAULT NULL,
  `createdAt` datetime NOT NULL,
  `updatedAt` datetime NOT NULL,
  PRIMARY KEY (`id_encuesta`),
  KEY `id_localidad` (`id_localidad`),
  KEY `id_genero` (`id_genero`),
  KEY `id_nivel` (`id_nivel`)
) ENGINE=InnoDB AUTO_INCREMENT=52 DEFAULT CHARSET=utf8mb4 COLLATE=utf8mb4_0900_ai_ci;

--
-- Volcado de datos para la tabla `encuesta`
--

INSERT INTO `encuesta` (`id_encuesta`, `edad`, `id_localidad`, `id_genero`, `id_nivel`, `respuesta1`, `respuesta2`, `respuesta3`, `respuesta4`, `respuesta5`, `respuesta6`, `respuesta7`, `respuesta8`, `respuesta9`, `respuesta10`, `respuesta11`, `createdAt`, `updatedAt`) VALUES
(1, 20, 27, 4, 6, '4', '10', '5', '4', '10', '5', '4', '6', '2', '7', 'Iste est quis occae', '2023-11-09 14:09:49', '2023-11-09 14:09:49'),
(2, 52, 147, 2, 2, '6', '7', '6', '9', '1', '3', '3', '4', '14', '14', 'que se vaya ale s\n', '2023-11-09 14:11:23', '2023-11-09 14:11:23'),
(3, 30, 60, 1, 6, '1', '10', '6', '6', '10', '1', '3', '11', '1', '6', 'Que despues de cada trabajo que se nos da, se nos corrija para saber donde están nuestros errores', '2023-11-09 14:16:07', '2023-11-09 14:16:07'),
(4, 69, 60, 1, 2, '1', '10', '6', '6', '10', '1', '1', '10', '1', '6', 'echen a Ruchinsky ', '2023-11-09 14:22:02', '2023-11-09 14:22:02'),
(6, 0, 177, 4, 6, '10', '1', '4', '2', '2', '11', '12', '9', '10', '11', 'ale sanabria ', '2023-11-09 14:24:46', '2023-11-09 14:24:46'),
(7, 29, 289, 1, 6, '10', '9', '10', '1', '8', '14', '3', '13', '3', '10', 'En lo personal el plan académico está completo y actualizado', '2023-11-09 14:29:15', '2023-11-09 14:29:15'),
(8, 19, 60, 2, 1, '1', '1', '11', '14', '4', '12', '13', '9', '10', '14', 'aprender db', '2023-11-09 14:34:44', '2023-11-09 14:34:44'),
(9, 20, 227, 2, 3, '11', '10', '13', '14', '10', '8', '11', '10', '1', '13', 'Quienes dictan clase en ciertas asignaturas deberían de ser personas preparadas y profesionales, que nos enseñen realmente como por ejemplo BD.', '2023-11-09 14:40:52', '2023-11-09 14:40:52'),
(10, 21, 292, 2, 1, '2', '9', '6', '14', '10', '8', '1', '3', '10', '6', 'Que la clase de Ingles mejore su metodología  de enseñanza.', '2023-11-09 14:47:50', '2023-11-09 14:47:50'),
(11, 18, 249, 1, 4, '1', '10', '2', '6', '10', '6', '1', '9', '10', '1', 'que tanto ingles como base de datos mejoren sus metodologias de enseñanza', '2023-11-09 14:53:54', '2023-11-09 14:53:54'),
(12, 20, 60, 2, 4, '1', '4', '6', '8', '4', '1', '1', '4', '1', '8', 'no gracias jaja', '2023-11-09 14:57:06', '2023-11-09 14:57:06'),
(13, 19, 60, 2, 6, '6', '8', '11', '11', '13', '1', '12', '9', '1', '8', 'mas horas de estudio', '2023-11-09 15:01:46', '2023-11-09 15:01:46'),
(14, 21, 249, 2, 1, '1', '4', '8', '1', '2', '8', '12', '2', '3', '9', 'pizza de desayuno', '2023-11-09 15:03:21', '2023-11-09 15:03:21'),
(15, 18, 60, 1, 4, '11', '2', '12', '2', '7', '10', '10', '9', '12', '14', 'Mas tiempo libre', '2023-11-09 15:05:57', '2023-11-09 15:05:57'),
(16, 19, 60, 2, 2, '11', '1', '12', '4', '3', '1', '3', '8', '6', '14', 'Más metodologias de enseñanzas', '2023-11-09 15:06:40', '2023-11-09 15:06:40'),
(17, 21, 60, 1, 5, '1', '9', '5', '9', '2', '4', '9', '9', '8', '10', 'Beca para todos\n', '2023-11-09 15:07:38', '2023-11-09 15:07:38'),
(18, 22, 264, 1, 4, '7', '13', '10', '2', '12', '10', '6', '12', '8', '3', 'Más tiempo para entregar las tareas\n', '2023-11-09 15:17:45', '2023-11-09 15:17:45'),
(19, 19, 60, 1, 4, '13', '14', '5', '1', '7', '2', '14', '5', '10', '4', 'Más beca', '2023-11-09 15:18:16', '2023-11-09 15:18:16'),
(20, 26, 60, 2, 4, '10', '9', '3', '11', '12', '13', '5', '1', '4', '2', 'Menos contenido en mas tiempo\n', '2023-11-09 15:19:13', '2023-11-09 15:19:13'),
(21, 18, 60, 1, 4, '9', '3', '12', '1', '14', '3', '3', '6', '10', '10', 'Mas contenido en la carrera\n', '2023-11-09 15:19:44', '2023-11-09 15:19:44'),
(22, 18, 60, 1, 4, '9', '3', '12', '1', '14', '3', '3', '6', '10', '10', 'Mas contenido en la carrera\n', '2023-11-09 15:21:30', '2023-11-09 15:21:30'),
(23, 23, 60, 2, 4, '7', '11', '14', '6', '4', '7', '3', '10', '2', '6', 'Mas recreos', '2023-11-09 15:21:57', '2023-11-09 15:21:57'),
(24, 24, 60, 1, 4, '5', '2', '12', '7', '4', '13', '8', '14', '6', '10', 'Clases de apoyo', '2023-11-09 15:22:31', '2023-11-09 15:22:31'),
(25, 26, 100, 1, 4, '12', '2', '11', '4', '9', '14', '14', '3', '6', '4', 'Más tiempo libre', '2023-11-09 15:22:59', '2023-11-09 15:22:59'),
(26, 20, 121, 2, 3, '12', '11', '2', '3', '1', '13', '6', '7', '11', '1', 'Más tiempo  libre', '2023-11-09 15:23:55', '2023-11-09 15:23:55'),
(27, 20, 92, 1, 4, '13', '8', '6', '8', '1', '3', '12', '7', '8', '4', 'Recreos ', '2023-11-09 15:26:00', '2023-11-09 15:26:00'),
(28, 23, 79, 1, 3, '9', '7', '10', '10', '10', '10', '10', '10', '10', '10', 'Que los docentes se comuniquen más y mejor.', '2023-11-09 15:29:50', '2023-11-09 15:29:50'),
(29, 20, 301, 3, 4, '11', '12', '5', '4', '10', '1', '12', '11', '2', '4', 'Más tareas', '2023-11-09 15:30:34', '2023-11-09 15:30:34'),
(30, 28, 61, 1, 4, '3', '9', '9', '8', '4', '6', '6', '14', '2', '11', 'Más profes\n', '2023-11-09 15:31:25', '2023-11-09 15:31:25'),
(31, 26, 349, 2, 6, '13', '1', '5', '2', '5', '14', '4', '5', '7', '10', 'Mayor entuciasmo', '2023-11-09 15:32:15', '2023-11-09 15:32:15'),
(32, 28, 21, 2, 4, '6', '13', '10', '1', '7', '11', '12', '10', '7', '4', 'Mas tiempo para hacer los trabajos\n', '2023-11-09 15:33:11', '2023-11-09 15:33:11'),
(33, 23, 200, 2, 2, '14', '14', '8', '14', '10', '2', '1', '9', '6', '5', 'Más trabajos', '2023-11-09 15:33:52', '2023-11-09 15:33:52'),
(34, 30, 352, 1, 4, '11', '5', '9', '3', '1', '7', '10', '13', '9', '6', 'Mayor tiempo de explicación', '2023-11-09 15:34:22', '2023-11-09 15:34:22'),
(35, 23, 190, 3, 2, '10', '10', '5', '1', '4', '7', '10', '12', '11', '4', 'Mayor exigencia', '2023-11-09 15:35:24', '2023-11-09 15:35:24'),
(36, 23, 355, 1, 3, '13', '11', '6', '4', '12', '12', '8', '8', '13', '14', 'Que los profes expliquen más detalladamente', '2023-11-09 15:36:27', '2023-11-09 15:36:27'),
(37, 35, 306, 2, 4, '14', '12', '9', '12', '4', '4', '1', '2', '10', '3', 'Que los profes expliquen mejor su materia', '2023-11-09 15:36:55', '2023-11-09 15:36:55'),
(38, 18, 190, 2, 2, '9', '3', '11', '14', '8', '5', '5', '10', '8', '7', 'Que los profesores de base de datos hablen \n', '2023-11-09 15:37:50', '2023-11-09 15:37:50'),
(39, 25, 396, 1, 3, '8', '3', '12', '13', '5', '10', '1', '3', '10', '11', 'Que los profesores de algoritmo no sean tan gritones', '2023-11-09 15:39:39', '2023-11-09 15:39:39'),
(40, 26, 383, 2, 5, '4', '7', '12', '13', '11', '3', '6', '12', '13', '4', 'Que los profesores no sean tan agresivos\n', '2023-11-09 15:41:15', '2023-11-09 15:41:15'),
(41, 19, 60, 1, 4, '4', '7', '12', '13', '11', '3', '6', '6', '13', '4', 'Que den mas tiempo para los parciales\n', '2023-11-09 15:42:07', '2023-11-09 15:42:07'),
(42, 22, 60, 1, 4, '14', '4', '5', '13', '13', '8', '1', '11', '7', '5', 'Que la carrera no sea tan teorica\n', '2023-11-09 15:44:07', '2023-11-09 15:44:07'),
(43, 25, 191, 1, 6, '6', '8', '6', '1', '13', '13', '2', '7', '1', '4', 'Que las materias menos importantes no den muchas tareas', '2023-11-09 15:45:01', '2023-11-09 15:45:01'),
(44, 18, 193, 1, 4, '1', '10', '11', '13', '2', '6', '8', '10', '7', '13', 'Que los profes se tomen mas el tiempo de explicar', '2023-11-09 15:45:31', '2023-11-09 15:45:31'),
(45, 19, 407, 1, 6, '14', '12', '14', '13', '3', '10', '10', '6', '4', '12', 'Que dejen de darle importancia a la matematicas', '2023-11-09 15:46:13', '2023-11-09 15:46:13'),
(46, 19, 11, 2, 4, '11', '13', '10', '9', '3', '8', '11', '7', '4', '13', 'Que saquen la materia de ingles', '2023-11-09 15:46:49', '2023-11-09 15:46:49'),
(47, 18, 289, 1, 1, '14', '10', '7', '5', '13', '5', '3', '7', '2', '8', 'Que saquen ingles.', '2023-11-09 15:47:48', '2023-11-09 15:47:48'),
(48, 19, 412, 2, 6, '4', '14', '1', '4', '3', '12', '8', '9', '10', '10', 'Que saquen la materia de ingles del plan de la carrera.', '2023-11-09 15:48:34', '2023-11-09 15:48:34'),
(49, 20, 100, 1, 6, '10', '6', '6', '11', '4', '7', '11', '14', '8', '13', 'Que no sea tan teorico y que se enfoquen en la programación', '2023-11-09 15:49:44', '2023-11-09 15:49:44'),
(50, 19, 60, 1, 6, '10', '6', '6', '11', '4', '7', '8', '13', '8', '13', 'Sacar las materias innecesarias.', '2023-11-09 15:50:48', '2023-11-09 15:50:48'),
(51, 20, 141, 2, 2, '3', '12', '2', '4', '4', '4', '1', '6', '13', '7', 'Sacar las matematicas.', '2023-11-09 15:51:42', '2023-11-09 15:51:42');

-- --------------------------------------------------------

--
-- Estructura de tabla para la tabla `generos`
--

DROP TABLE IF EXISTS `generos`;
CREATE TABLE IF NOT EXISTS `generos` (
  `id_genero` int NOT NULL AUTO_INCREMENT,
  `descripcion` varchar(255) NOT NULL,
  `createdAt` datetime NOT NULL,
  `updatedAt` datetime NOT NULL,
  PRIMARY KEY (`id_genero`)
) ENGINE=InnoDB AUTO_INCREMENT=5 DEFAULT CHARSET=utf8mb4 COLLATE=utf8mb4_0900_ai_ci;

--
-- Volcado de datos para la tabla `generos`
--

INSERT INTO `generos` (`id_genero`, `descripcion`, `createdAt`, `updatedAt`) VALUES
(1, 'Masculino', '2023-11-09 14:09:07', '2023-11-09 14:09:07'),
(2, 'Femenino', '2023-11-09 14:09:07', '2023-11-09 14:09:07'),
(3, 'No Binario', '2023-11-09 14:09:07', '2023-11-09 14:09:07'),
(4, 'Prefiero no decirlo', '2023-11-09 14:09:07', '2023-11-09 14:09:07');

-- --------------------------------------------------------

--
-- Estructura de tabla para la tabla `localidades`
--

DROP TABLE IF EXISTS `localidades`;
CREATE TABLE IF NOT EXISTS `localidades` (
  `id_localidad` int NOT NULL AUTO_INCREMENT,
  `nombre` varchar(255) NOT NULL,
  `CP` varchar(255) NOT NULL,
  `createdAt` datetime NOT NULL,
  `updatedAt` datetime NOT NULL,
  PRIMARY KEY (`id_localidad`)
) ENGINE=InnoDB AUTO_INCREMENT=415 DEFAULT CHARSET=utf8mb4 COLLATE=utf8mb4_0900_ai_ci;

--
-- Volcado de datos para la tabla `localidades`
--

INSERT INTO `localidades` (`id_localidad`, `nombre`, `CP`, `createdAt`, `updatedAt`) VALUES
(1, 'AIBAL EL SILENCIO', 'P3634', '2023-11-09 14:09:07', '2023-11-09 14:09:07'),
(2, 'BAJO HONDO', 'P3630', '2023-11-09 14:09:07', '2023-11-09 14:09:07'),
(3, 'EL BREAL', 'P3636', '2023-11-09 14:09:07', '2023-11-09 14:09:07'),
(4, 'EL CAJON', 'P3630', '2023-11-09 14:09:07', '2023-11-09 14:09:07'),
(5, 'EL CAÑON', 'P3634', '2023-11-09 14:09:07', '2023-11-09 14:09:07'),
(6, 'EL CHURCAL', 'P3636', '2023-11-09 14:09:07', '2023-11-09 14:09:07'),
(7, 'EL COLETO', 'P3630', '2023-11-09 14:09:07', '2023-11-09 14:09:07'),
(8, 'EL QUEMADO', 'P3634', '2023-11-09 14:09:07', '2023-11-09 14:09:07'),
(9, 'EL REMANSO', 'P3630', '2023-11-09 14:09:07', '2023-11-09 14:09:07'),
(10, 'EL SIMBOLAR', 'P3634', '2023-11-09 14:09:07', '2023-11-09 14:09:07'),
(11, 'EL SOLITARIO', 'P3636', '2023-11-09 14:09:07', '2023-11-09 14:09:07'),
(12, 'FORTIN LA MADRID', 'P3630', '2023-11-09 14:09:07', '2023-11-09 14:09:07'),
(13, 'FORTIN PILCOMAYO NUEVO', 'P3630', '2023-11-09 14:09:07', '2023-11-09 14:09:07'),
(14, 'FORTIN SOLEDAD', 'P3630', '2023-11-09 14:09:07', '2023-11-09 14:09:07'),
(15, 'GUADALCAZAR', 'P3630', '2023-11-09 14:09:07', '2023-11-09 14:09:07'),
(16, 'LA ESPERANZA', 'P3630', '2023-11-09 14:09:07', '2023-11-09 14:09:07'),
(17, 'LA LAGUNA', 'P3634', '2023-11-09 14:09:07', '2023-11-09 14:09:07'),
(18, 'LA LIBERTAD', 'P3630', '2023-11-09 14:09:07', '2023-11-09 14:09:07'),
(19, 'LA REPRESA', 'P3632', '2023-11-09 14:09:07', '2023-11-09 14:09:07'),
(20, 'LA RINCONADA', 'P3630', '2023-11-09 14:09:07', '2023-11-09 14:09:07'),
(21, 'LAGUNA YEMA', 'P3634', '2023-11-09 14:09:07', '2023-11-09 14:09:07'),
(22, 'LAGUNITA', 'P3634', '2023-11-09 14:09:07', '2023-11-09 14:09:07'),
(23, 'LAS BANDERITAS', 'P3630', '2023-11-09 14:09:07', '2023-11-09 14:09:07'),
(24, 'LAS BOLIVIANAS', 'P3634', '2023-11-09 14:09:07', '2023-11-09 14:09:07'),
(25, 'LOS CHIRIGUANOS', 'P3632', '2023-11-09 14:09:07', '2023-11-09 14:09:07'),
(26, 'LOS POCITOS', 'P3636', '2023-11-09 14:09:07', '2023-11-09 14:09:07'),
(27, 'MATIAS GULACSI', 'P3634', '2023-11-09 14:09:07', '2023-11-09 14:09:07'),
(28, 'MEDIA LUNA', 'P3630', '2023-11-09 14:09:07', '2023-11-09 14:09:07'),
(29, 'PESCADO NEGRO', 'P3636', '2023-11-09 14:09:07', '2023-11-09 14:09:07'),
(30, 'POZO DE MAZA', 'P3636', '2023-11-09 14:09:07', '2023-11-09 14:09:07'),
(31, 'POZO DE MOLINA', 'P3630', '2023-11-09 14:09:07', '2023-11-09 14:09:07'),
(32, 'POZO DEL MORTERO', 'P3632', '2023-11-09 14:09:07', '2023-11-09 14:09:07'),
(33, 'PUERTO CABO IRIGOYEN', 'P3636', '2023-11-09 14:09:07', '2023-11-09 14:09:07'),
(34, 'RIO MUERTO', 'P3634', '2023-11-09 14:09:07', '2023-11-09 14:09:07'),
(35, 'SANTA ISABEL', 'P3634', '2023-11-09 14:09:07', '2023-11-09 14:09:07'),
(36, 'SOMBRERO NEGRO', 'P3636', '2023-11-09 14:09:07', '2023-11-09 14:09:07'),
(37, 'SUMAYEN', 'P3634', '2023-11-09 14:09:07', '2023-11-09 14:09:07'),
(38, 'VACA PERDIDA', 'P3636', '2023-11-09 14:09:07', '2023-11-09 14:09:07'),
(39, 'EL BAJO', 'P3634', '2023-11-09 14:09:07', '2023-11-09 14:09:07'),
(40, 'EL CHAÑARAL', 'P3636', '2023-11-09 14:09:07', '2023-11-09 14:09:07'),
(41, 'EL CHURCALITO', 'P3634', '2023-11-09 14:09:07', '2023-11-09 14:09:07'),
(42, 'EL LINDERO', 'P3636', '2023-11-09 14:09:07', '2023-11-09 14:09:07'),
(43, 'EL QUIMIL', 'P3636', '2023-11-09 14:09:07', '2023-11-09 14:09:07'),
(44, 'LAGUNA TRES PACES', 'P3636', '2023-11-09 14:09:07', '2023-11-09 14:09:07'),
(45, 'LAGUNA YACARE', 'P3634', '2023-11-09 14:09:07', '2023-11-09 14:09:07'),
(46, 'LOS CIENEGUITOS', 'P3636', '2023-11-09 14:09:07', '2023-11-09 14:09:07'),
(47, 'LA PALIZADA', 'P3634', '2023-11-09 14:09:07', '2023-11-09 14:09:07'),
(48, 'POZO RAMON', 'P3636', '2023-11-09 14:09:07', '2023-11-09 14:09:07'),
(49, 'SAN CAYETANO', 'P3630', '2023-11-09 14:09:07', '2023-11-09 14:09:07'),
(50, 'ALTO ALEGRE', 'P3620', '2023-11-09 14:09:07', '2023-11-09 14:09:07'),
(51, 'LA ZANJA', 'P3630', '2023-11-09 14:09:07', '2023-11-09 14:09:07'),
(52, 'POZO SARGENTO', 'P3636', '2023-11-09 14:09:07', '2023-11-09 14:09:07'),
(53, 'LA MOCHA', 'P3636', '2023-11-09 14:09:07', '2023-11-09 14:09:07'),
(54, 'TRES YUCHAN', 'P3636', '2023-11-09 14:09:07', '2023-11-09 14:09:07'),
(55, 'LA MADRUGADA', 'P3636', '2023-11-09 14:09:07', '2023-11-09 14:09:07'),
(56, 'BOCA DE PILAGAS', 'P3601', '2023-11-09 14:09:07', '2023-11-09 14:09:07'),
(57, 'COLONIA ITUZAINGO', 'P3605', '2023-11-09 14:09:07', '2023-11-09 14:09:07'),
(58, 'COLONIA PASTORIL', 'P3601', '2023-11-09 14:09:07', '2023-11-09 14:09:07'),
(59, 'COLONIA PRESIDENTE YRIGOYEN', 'P3605', '2023-11-09 14:09:07', '2023-11-09 14:09:07'),
(60, 'FORMOSA', 'P3600', '2023-11-09 14:09:07', '2023-11-09 14:09:07'),
(61, 'GRAN GUARDIA', 'P3604', '2023-11-09 14:09:07', '2023-11-09 14:09:07'),
(62, 'GUAYCOLEC', 'P3600', '2023-11-09 14:09:07', '2023-11-09 14:09:07'),
(63, 'ISLA 25 DE MAYO', 'P3600', '2023-11-09 14:09:07', '2023-11-09 14:09:07'),
(64, 'MOJON DE FIERRO', 'P3601', '2023-11-09 14:09:07', '2023-11-09 14:09:07'),
(65, 'SAN HILARIO', 'P3604', '2023-11-09 14:09:07', '2023-11-09 14:09:07'),
(66, 'BANCO LA EMILIA', 'P3600', '2023-11-09 14:09:07', '2023-11-09 14:09:07'),
(67, 'COLONIA DALMACIA', 'P3601', '2023-11-09 14:09:07', '2023-11-09 14:09:07'),
(68, 'MARIANO BOEDO', 'P3604', '2023-11-09 14:09:07', '2023-11-09 14:09:07'),
(69, 'PUENTE SAN HILARIO', 'P3600', '2023-11-09 14:09:07', '2023-11-09 14:09:07'),
(70, 'VILLA TRINIDAD', 'P3600', '2023-11-09 14:09:07', '2023-11-09 14:09:07'),
(71, 'BANCO PAYAGUA', 'P3601', '2023-11-09 14:09:07', '2023-11-09 14:09:07'),
(72, 'CABO ADRIANO AYALA', 'P3526', '2023-11-09 14:09:07', '2023-11-09 14:09:07'),
(73, 'COLONIA EL DORADO', 'P3605', '2023-11-09 14:09:07', '2023-11-09 14:09:07'),
(74, 'COLONIA EL NARANJITO', 'P3605', '2023-11-09 14:09:07', '2023-11-09 14:09:07'),
(75, 'COLONIA LAGUNA GOBERNADOR', 'P3605', '2023-11-09 14:09:07', '2023-11-09 14:09:07'),
(76, 'COLONIA SAN ANTONIO', 'P3605', '2023-11-09 14:09:07', '2023-11-09 14:09:07'),
(77, 'COLONIA SAN ISIDRO', 'P3526', '2023-11-09 14:09:07', '2023-11-09 14:09:07'),
(78, 'COLONIA YATAY', 'P3601', '2023-11-09 14:09:07', '2023-11-09 14:09:07'),
(79, 'EL ANGELITO', 'P3605', '2023-11-09 14:09:07', '2023-11-09 14:09:07'),
(80, 'EL MBIGUA', 'P3526', '2023-11-09 14:09:07', '2023-11-09 14:09:07'),
(81, 'ESTERITO', 'P3605', '2023-11-09 14:09:07', '2023-11-09 14:09:07'),
(82, 'GENERAL LUCIO V. MANSILLA', 'P3526', '2023-11-09 14:09:07', '2023-11-09 14:09:07'),
(83, 'HERRADURA', 'P3601', '2023-11-09 14:09:07', '2023-11-09 14:09:07'),
(84, 'LA PLAYA', 'P3601', '2023-11-09 14:09:07', '2023-11-09 14:09:07'),
(85, 'PASO POLENTA', 'P3605', '2023-11-09 14:09:07', '2023-11-09 14:09:07'),
(86, 'POSTA DEL SALADO', 'P3605', '2023-11-09 14:09:07', '2023-11-09 14:09:07'),
(87, 'POTRERO DE LOS CABALLOS', 'P3626', '2023-11-09 14:09:07', '2023-11-09 14:09:07'),
(88, 'RIACHO LINDO', 'P3601', '2023-11-09 14:09:07', '2023-11-09 14:09:07'),
(89, 'SAN FRANCISCO DE LAISHI', 'P3605', '2023-11-09 14:09:07', '2023-11-09 14:09:07'),
(90, 'TATANE', 'P3601', '2023-11-09 14:09:07', '2023-11-09 14:09:07'),
(91, 'TRES MOJONES', 'P3601', '2023-11-09 14:09:07', '2023-11-09 14:09:07'),
(92, 'VILLA ESCOLAR', 'P3526', '2023-11-09 14:09:07', '2023-11-09 14:09:07'),
(93, 'KILOMETRO 117', 'P3526', '2023-11-09 14:09:07', '2023-11-09 14:09:07'),
(94, 'BOLSA DEL PALOMO', 'P3636', '2023-11-09 14:09:07', '2023-11-09 14:09:07'),
(95, 'CAMPO BANDERA', 'P3636', '2023-11-09 14:09:07', '2023-11-09 14:09:07'),
(96, 'CAMPO GRANDE', 'P3636', '2023-11-09 14:09:07', '2023-11-09 14:09:07'),
(97, 'CAMPO LA CRUZ', 'P3636', '2023-11-09 14:09:07', '2023-11-09 14:09:07'),
(98, 'EL MISTOLAR', 'P3636', '2023-11-09 14:09:07', '2023-11-09 14:09:07'),
(99, 'EL TOTORAL', 'P3636', '2023-11-09 14:09:07', '2023-11-09 14:09:07'),
(100, 'INGENIERO GUILLERMO N. JUAREZ', 'P3636', '2023-11-09 14:09:07', '2023-11-09 14:09:07'),
(101, 'LA JUNTA', 'P3636', '2023-11-09 14:09:07', '2023-11-09 14:09:07'),
(102, 'POZO EL YACARE', 'P3636', '2023-11-09 14:09:07', '2023-11-09 14:09:07'),
(103, 'TENIENTE GENERAL ROSENDO M. FRAGA', 'P3636', '2023-11-09 14:09:07', '2023-11-09 14:09:07'),
(104, 'EL POTRERITO', 'P3636', '2023-11-09 14:09:07', '2023-11-09 14:09:07'),
(105, 'EL ROSILLO', 'P3636', '2023-11-09 14:09:07', '2023-11-09 14:09:07'),
(106, 'POZO DE LOS PATOS', 'P3636', '2023-11-09 14:09:07', '2023-11-09 14:09:07'),
(107, 'EL TREBOL', 'P3636', '2023-11-09 14:09:07', '2023-11-09 14:09:07'),
(108, 'TRES PALMITAS', 'P3636', '2023-11-09 14:09:07', '2023-11-09 14:09:07'),
(109, 'EL MILAGRO', 'P3636', '2023-11-09 14:09:07', '2023-11-09 14:09:07'),
(110, 'COMUNIDAD ABORIGEN WICHI FWINAFWAS', 'P3636', '2023-11-09 14:09:07', '2023-11-09 14:09:07'),
(111, 'A. FLORES', 'P3624', '2023-11-09 14:09:07', '2023-11-09 14:09:07'),
(112, 'CACIQUE COQUERO', 'P3628', '2023-11-09 14:09:07', '2023-11-09 14:09:07'),
(113, 'CAMPO ALEGRE', 'P3626', '2023-11-09 14:09:07', '2023-11-09 14:09:07'),
(114, 'CAMPO AZCURRA', 'P3624', '2023-11-09 14:09:07', '2023-11-09 14:09:07'),
(115, 'CAMPO DEL CIELO', 'P3630', '2023-11-09 14:09:07', '2023-11-09 14:09:07'),
(116, 'CHICO DOWAGAN', 'P3621', '2023-11-09 14:09:07', '2023-11-09 14:09:07'),
(117, 'COLONIA 14 DE MAYO', 'P3626', '2023-11-09 14:09:07', '2023-11-09 14:09:07'),
(118, 'COLONIA 20 DE JUNIO', 'P3615', '2023-11-09 14:09:07', '2023-11-09 14:09:07'),
(119, 'COLONIA ALTO ALEGRE', 'P3620', '2023-11-09 14:09:07', '2023-11-09 14:09:07'),
(120, 'COLONIA CEFERINO NAMUNCURA', 'P3621', '2023-11-09 14:09:07', '2023-11-09 14:09:07'),
(121, 'COLONIA EL ENSANCHE', 'P3624', '2023-11-09 14:09:07', '2023-11-09 14:09:07'),
(122, 'COLONIA EL PAVAO', 'P3621', '2023-11-09 14:09:07', '2023-11-09 14:09:07'),
(123, 'COLONIA EL SILENCIO', 'P3624', '2023-11-09 14:09:07', '2023-11-09 14:09:07'),
(124, 'COLONIA ISLA SOLA', 'P3624', '2023-11-09 14:09:07', '2023-11-09 14:09:07'),
(125, 'COLONIA JUAN BAUTISTA ALBERDI', 'P3625', '2023-11-09 14:09:07', '2023-11-09 14:09:07'),
(126, 'COLONIA JAVIER MUÑIZ', 'P3630', '2023-11-09 14:09:07', '2023-11-09 14:09:07'),
(127, 'COLONIA JUANITA', 'P3624', '2023-11-09 14:09:07', '2023-11-09 14:09:07'),
(128, 'COLONIA LA PREFERIDA', 'P3626', '2023-11-09 14:09:07', '2023-11-09 14:09:07'),
(129, 'COLONIA LAS CHOYAS', 'P3626', '2023-11-09 14:09:07', '2023-11-09 14:09:07'),
(130, 'COLONIA NAPENAY', 'P3620', '2023-11-09 14:09:07', '2023-11-09 14:09:07'),
(131, 'COLONIA SAN ANTONIO', 'P3624', '2023-11-09 14:09:07', '2023-11-09 14:09:07'),
(132, 'COLONIA SAN ISIDRO', 'P3621', '2023-11-09 14:09:07', '2023-11-09 14:09:07'),
(133, 'COLONIA SAN PABLO', 'P3621', '2023-11-09 14:09:07', '2023-11-09 14:09:07'),
(134, 'COLONIA SAN PEDRO', 'P3624', '2023-11-09 14:09:07', '2023-11-09 14:09:07'),
(135, 'COLONIA SAN ROQUE', 'P3624', '2023-11-09 14:09:07', '2023-11-09 14:09:07'),
(136, 'COLONIA SANTA ROSA', 'P3621', '2023-11-09 14:09:07', '2023-11-09 14:09:07'),
(137, 'COLONIA SARMIENTO', 'P3621', '2023-11-09 14:09:07', '2023-11-09 14:09:07'),
(138, 'COLONIA SIETE QUEBRACHOS', 'P3624', '2023-11-09 14:09:07', '2023-11-09 14:09:07'),
(139, 'COLONIA TATANE', 'P3620', '2023-11-09 14:09:07', '2023-11-09 14:09:07'),
(140, 'COLONIA UNION ESCUELA', 'P3621', '2023-11-09 14:09:07', '2023-11-09 14:09:07'),
(141, 'COMANDANTE FONTANA', 'P3620', '2023-11-09 14:09:07', '2023-11-09 14:09:07'),
(142, 'EL CACUY', 'P3621', '2023-11-09 14:09:07', '2023-11-09 14:09:07'),
(143, 'EL CEIBAL', 'P3621', '2023-11-09 14:09:07', '2023-11-09 14:09:07'),
(144, 'EL COGOIK', 'P3615', '2023-11-09 14:09:07', '2023-11-09 14:09:07'),
(145, 'EL CRUCE', 'P3626', '2023-11-09 14:09:07', '2023-11-09 14:09:07'),
(146, 'EL DESCANSO', 'P3630', '2023-11-09 14:09:07', '2023-11-09 14:09:07'),
(147, 'EL DIVISADERO', 'P3624', '2023-11-09 14:09:07', '2023-11-09 14:09:07'),
(148, 'EL MATADERO', 'P3620', '2023-11-09 14:09:07', '2023-11-09 14:09:07'),
(149, 'EL OCULTO', 'P3624', '2023-11-09 14:09:07', '2023-11-09 14:09:07'),
(150, 'EL PERDIDO', 'P3630', '2023-11-09 14:09:07', '2023-11-09 14:09:07'),
(151, 'EL RECREO', 'P3626', '2023-11-09 14:09:07', '2023-11-09 14:09:07'),
(152, 'EL SIMBOLAR', 'P3630', '2023-11-09 14:09:07', '2023-11-09 14:09:07'),
(153, 'EL TIMBO', 'P3621', '2023-11-09 14:09:07', '2023-11-09 14:09:07'),
(154, 'ESTANISLAO DEL CAMPO', 'P3626', '2023-11-09 14:09:07', '2023-11-09 14:09:07'),
(155, 'FORTIN CABO 1° LUGONES', 'P3621', '2023-11-09 14:09:07', '2023-11-09 14:09:07'),
(156, 'FORTIN SARGENTO 1° LEYES', 'P3621', '2023-11-09 14:09:07', '2023-11-09 14:09:07'),
(157, 'IBARRETA', 'P3624', '2023-11-09 14:09:07', '2023-11-09 14:09:07'),
(158, 'JUAN G. BAZAN', 'P3632', '2023-11-09 14:09:07', '2023-11-09 14:09:07'),
(159, 'KILOMETRO 15', 'P3621', '2023-11-09 14:09:07', '2023-11-09 14:09:07'),
(160, 'KILOMETRO 503', 'P3626', '2023-11-09 14:09:07', '2023-11-09 14:09:07'),
(161, 'LA CIERVA', 'P3624', '2023-11-09 14:09:07', '2023-11-09 14:09:07'),
(162, 'LA ESTRELLA', 'P3621', '2023-11-09 14:09:07', '2023-11-09 14:09:07'),
(163, 'LA INVERNADA', 'P3628', '2023-11-09 14:09:07', '2023-11-09 14:09:07'),
(164, 'LA LINEA', 'P3630', '2023-11-09 14:09:07', '2023-11-09 14:09:07'),
(165, 'LA MEDIA LUNA', 'P3624', '2023-11-09 14:09:07', '2023-11-09 14:09:07'),
(166, 'LA PAMPA', 'P3630', '2023-11-09 14:09:07', '2023-11-09 14:09:07'),
(167, 'LAGO VERDE', 'P3624', '2023-11-09 14:09:07', '2023-11-09 14:09:07'),
(168, 'LAS LOLAS', 'P3621', '2023-11-09 14:09:07', '2023-11-09 14:09:07'),
(169, 'LAS LOMITAS', 'P3630', '2023-11-09 14:09:07', '2023-11-09 14:09:07'),
(170, 'LAS MOCHAS', 'P3626', '2023-11-09 14:09:07', '2023-11-09 14:09:07'),
(171, 'LOMA SAN PABLO', 'P3615', '2023-11-09 14:09:07', '2023-11-09 14:09:07'),
(172, 'LOS TRES REYES', 'P3621', '2023-11-09 14:09:07', '2023-11-09 14:09:07'),
(173, 'LOTE 20 RURAL', 'P3620', '2023-11-09 14:09:07', '2023-11-09 14:09:07'),
(174, 'LOTE 27', 'P3630', '2023-11-09 14:09:07', '2023-11-09 14:09:07'),
(175, 'MAESTRA BLANCA GOMEZ', 'P3624', '2023-11-09 14:09:07', '2023-11-09 14:09:07'),
(176, 'PASO NAITE', 'P3628', '2023-11-09 14:09:07', '2023-11-09 14:09:07'),
(177, 'POSTA CAMBIO ZALAZAR', 'P3632', '2023-11-09 14:09:07', '2023-11-09 14:09:07'),
(178, 'POZO DEL TIGRE', 'P3628', '2023-11-09 14:09:07', '2023-11-09 14:09:07'),
(179, 'POZO HONDO', 'P3626', '2023-11-09 14:09:07', '2023-11-09 14:09:07'),
(180, 'POZO LARGO', 'P3626', '2023-11-09 14:09:07', '2023-11-09 14:09:07'),
(181, 'POZO NAVAGAN', 'P3626', '2023-11-09 14:09:07', '2023-11-09 14:09:07'),
(182, 'PUERTO LAVALLE', 'P3624', '2023-11-09 14:09:07', '2023-11-09 14:09:07'),
(183, 'PUNTA DE AGUA', 'P3630', '2023-11-09 14:09:07', '2023-11-09 14:09:07'),
(184, 'COLONIA OSVALDO QUIROGA', 'P3621', '2023-11-09 14:09:07', '2023-11-09 14:09:07'),
(185, 'RANERO CUE', 'P3626', '2023-11-09 14:09:07', '2023-11-09 14:09:07'),
(186, 'RIACHO DE ORO', 'P3624', '2023-11-09 14:09:07', '2023-11-09 14:09:07'),
(187, 'RINCON FLORIDO', 'P3620', '2023-11-09 14:09:07', '2023-11-09 14:09:07'),
(188, 'SAN CARLOS', 'P3620', '2023-11-09 14:09:07', '2023-11-09 14:09:07'),
(189, 'SAN CARLOS', 'P3626', '2023-11-09 14:09:07', '2023-11-09 14:09:07'),
(190, 'SAN MARTIN I', 'P3621', '2023-11-09 14:09:07', '2023-11-09 14:09:07'),
(191, 'SAN MARTIN II', 'P3621', '2023-11-09 14:09:07', '2023-11-09 14:09:07'),
(192, 'SAN SIMON', 'P3603', '2023-11-09 14:09:07', '2023-11-09 14:09:07'),
(193, 'SOLDADO D. SALVATIERRA', 'P3626', '2023-11-09 14:09:07', '2023-11-09 14:09:07'),
(194, 'SOLDADO I. SANCHEZ', 'P3624', '2023-11-09 14:09:07', '2023-11-09 14:09:07'),
(195, 'SUBTENIENTE PERIN', 'P3624', '2023-11-09 14:09:07', '2023-11-09 14:09:07'),
(196, 'TENIENTE BROWN', 'P3622', '2023-11-09 14:09:07', '2023-11-09 14:09:07'),
(197, 'TRES POZOS', 'P3626', '2023-11-09 14:09:07', '2023-11-09 14:09:07'),
(198, 'URBANA VIEJA', 'P3621', '2023-11-09 14:09:07', '2023-11-09 14:09:07'),
(199, 'VILLA GENERAL GÜEMES', 'P3621', '2023-11-09 14:09:07', '2023-11-09 14:09:07'),
(200, 'VILLA GENERAL MANUEL BELGRANO', 'P3615', '2023-11-09 14:09:07', '2023-11-09 14:09:07'),
(201, 'VILLA GENERAL URQUIZA', 'P3628', '2023-11-09 14:09:07', '2023-11-09 14:09:07'),
(202, 'BARTOLOME DE LAS CASAS', 'P3622', '2023-11-09 14:09:07', '2023-11-09 14:09:07'),
(203, 'CAMPO DE AVIACION', 'P3626', '2023-11-09 14:09:07', '2023-11-09 14:09:07'),
(204, 'COLONIA BARTOLOME DE LAS CASAS', 'P3622', '2023-11-09 14:09:07', '2023-11-09 14:09:07'),
(205, 'COLONIA DANTE SANDRELLI', 'P3621', '2023-11-09 14:09:07', '2023-11-09 14:09:07'),
(206, 'COLONIA EL CATORCE', 'P3624', '2023-11-09 14:09:07', '2023-11-09 14:09:07'),
(207, 'COLONIA ENSANCHE NORTE', 'P3624', '2023-11-09 14:09:07', '2023-11-09 14:09:07'),
(208, 'EL BELLACO', 'P3603', '2023-11-09 14:09:07', '2023-11-09 14:09:07'),
(209, 'LAQTASATANYIE {  ombre:4)', 'P3630', '2023-11-09 14:09:07', '2023-11-09 14:09:07'),
(210, 'LOS TRES REYES', 'P3621', '2023-11-09 14:09:07', '2023-11-09 14:09:07'),
(211, 'LOS JUBILADOS', 'P3620', '2023-11-09 14:09:07', '2023-11-09 14:09:07'),
(212, 'VILLA MARIN', 'P3628', '2023-11-09 14:09:07', '2023-11-09 14:09:07'),
(213, 'LA PANTALLA', 'P3630', '2023-11-09 14:09:07', '2023-11-09 14:09:07'),
(214, 'CAMPO TRES POZOS', 'P3632', '2023-11-09 14:09:07', '2023-11-09 14:09:07'),
(215, 'COLONIA LAKA-WICHI', 'P3628', '2023-11-09 14:09:07', '2023-11-09 14:09:07'),
(216, 'COLONIA ABORIGEN LA BOMBA', 'P3630', '2023-11-09 14:09:07', '2023-11-09 14:09:07'),
(217, 'LAGUNA ACEVAL', 'P3626', '2023-11-09 14:09:07', '2023-11-09 14:09:07'),
(218, 'LOTE 42', 'P3630', '2023-11-09 14:09:07', '2023-11-09 14:09:07'),
(219, 'LOTE 47', 'P3630', '2023-11-09 14:09:07', '2023-11-09 14:09:07'),
(220, 'COMUNIDAD LOTE 21', 'P3628', '2023-11-09 14:09:07', '2023-11-09 14:09:07'),
(221, 'APAYEREY', 'P3615', '2023-11-09 14:09:07', '2023-11-09 14:09:07'),
(222, 'BUENA VISTA', 'P3615', '2023-11-09 14:09:07', '2023-11-09 14:09:07'),
(223, 'COLONIA 25 DE MAYO', 'P3615', '2023-11-09 14:09:07', '2023-11-09 14:09:07'),
(224, 'COLONIA EL CEIBO', 'P3615', '2023-11-09 14:09:07', '2023-11-09 14:09:07'),
(225, 'COLONIA NUEVA', 'P3611', '2023-11-09 14:09:07', '2023-11-09 14:09:07'),
(226, 'COLONIA SANTA ROSA', 'P3615', '2023-11-09 14:09:07', '2023-11-09 14:09:07'),
(227, 'EL ESPINILLO', 'P3615', '2023-11-09 14:09:07', '2023-11-09 14:09:07'),
(228, 'EL POMBERO', 'P3611', '2023-11-09 14:09:07', '2023-11-09 14:09:07'),
(229, 'ISLA AZUL', 'P3615', '2023-11-09 14:09:07', '2023-11-09 14:09:07'),
(230, 'JULIO CUE', 'P3615', '2023-11-09 14:09:07', '2023-11-09 14:09:07'),
(231, 'LAGUNA GALLO', 'P3611', '2023-11-09 14:09:07', '2023-11-09 14:09:07'),
(232, 'LOMA ZAPATU', 'P3611', '2023-11-09 14:09:07', '2023-11-09 14:09:07'),
(233, 'LORO CUE', 'P3615', '2023-11-09 14:09:07', '2023-11-09 14:09:07'),
(234, 'MISION TACAAGLE', 'P3615', '2023-11-09 14:09:07', '2023-11-09 14:09:07'),
(235, 'PORTON NEGRO', 'P3615', '2023-11-09 14:09:07', '2023-11-09 14:09:07'),
(236, 'SALVACION', 'P3611', '2023-11-09 14:09:07', '2023-11-09 14:09:07'),
(237, 'SAN BLAS', 'P3615', '2023-11-09 14:09:07', '2023-11-09 14:09:07'),
(238, 'SAN CARLOS', 'P3615', '2023-11-09 14:09:07', '2023-11-09 14:09:07'),
(239, 'TRES LAGUNAS', 'P3611', '2023-11-09 14:09:07', '2023-11-09 14:09:07'),
(240, 'VILLA HERMOSA', 'P3611', '2023-11-09 14:09:07', '2023-11-09 14:09:07'),
(241, 'VILLA REAL', 'P3615', '2023-11-09 14:09:07', '2023-11-09 14:09:07'),
(242, 'VILLA RURAL', 'P3615', '2023-11-09 14:09:07', '2023-11-09 14:09:07'),
(243, 'VISTA ALEGRE', 'P3615', '2023-11-09 14:09:07', '2023-11-09 14:09:07'),
(244, 'PUESTO RAMONA', 'P3615', '2023-11-09 14:09:07', '2023-11-09 14:09:07'),
(245, 'COLONIA ABORIGEN', 'P3615', '2023-11-09 14:09:07', '2023-11-09 14:09:07'),
(246, 'LAGUNA TORO', 'P3611', '2023-11-09 14:09:07', '2023-11-09 14:09:07'),
(247, 'BUEY MUERTO', 'P3611', '2023-11-09 14:09:07', '2023-11-09 14:09:07'),
(248, 'CEIBO TRECE', 'P3613', '2023-11-09 14:09:07', '2023-11-09 14:09:07'),
(249, 'CLORINDA', 'P3610', '2023-11-09 14:09:07', '2023-11-09 14:09:07'),
(250, 'COLONIA LA PRIMAVERA', 'P3611', '2023-11-09 14:09:07', '2023-11-09 14:09:07'),
(251, 'COLONIA LOS SANTAFESINOS', 'P3611', '2023-11-09 14:09:07', '2023-11-09 14:09:07'),
(252, 'COLONIA SAN JUAN', 'P3611', '2023-11-09 14:09:07', '2023-11-09 14:09:07'),
(253, 'COLONIA SARMIENTO', 'P3611', '2023-11-09 14:09:07', '2023-11-09 14:09:07'),
(254, 'COLONIA SUDAMERICANA', 'P3613', '2023-11-09 14:09:07', '2023-11-09 14:09:07'),
(255, 'COSTA ALEGRE', 'P3613', '2023-11-09 14:09:07', '2023-11-09 14:09:07'),
(256, 'EL PARAISO', 'P3611', '2023-11-09 14:09:07', '2023-11-09 14:09:07'),
(257, 'EL RECODO', 'P3611', '2023-11-09 14:09:07', '2023-11-09 14:09:07'),
(258, 'ESPERANZA', 'P3611', '2023-11-09 14:09:07', '2023-11-09 14:09:07'),
(259, 'GARCETE CUE', 'P3610', '2023-11-09 14:09:07', '2023-11-09 14:09:07'),
(260, 'ISLA APANDO', 'P3611', '2023-11-09 14:09:07', '2023-11-09 14:09:07'),
(261, 'ISLA PUEN', 'P3611', '2023-11-09 14:09:07', '2023-11-09 14:09:07'),
(262, 'ISLA YOBAI GUAZU', 'P3613', '2023-11-09 14:09:07', '2023-11-09 14:09:07'),
(263, 'LA FRONTERA', 'P3611', '2023-11-09 14:09:07', '2023-11-09 14:09:07'),
(264, 'LAGUNA BLANCA', 'P3613', '2023-11-09 14:09:07', '2023-11-09 14:09:07'),
(265, 'LAGUNA NAICK-NECK', 'P3611', '2023-11-09 14:09:07', '2023-11-09 14:09:07'),
(266, 'LOMA HERMOSA', 'P3611', '2023-11-09 14:09:07', '2023-11-09 14:09:07'),
(267, 'LOMA TUYUTU', 'P3613', '2023-11-09 14:09:07', '2023-11-09 14:09:07'),
(268, 'LUCERO CUE', 'P3611', '2023-11-09 14:09:07', '2023-11-09 14:09:07'),
(269, 'MARCA M', 'P3613', '2023-11-09 14:09:07', '2023-11-09 14:09:07'),
(270, 'MARTIN FIERRO', 'P3611', '2023-11-09 14:09:07', '2023-11-09 14:09:07'),
(271, 'PALMA SOLA', 'P3611', '2023-11-09 14:09:07', '2023-11-09 14:09:07'),
(272, 'PRESIDENTE AVELLANEDA', 'P3611', '2023-11-09 14:09:07', '2023-11-09 14:09:07'),
(273, 'PUERTO PILCOMAYO', 'P3611', '2023-11-09 14:09:07', '2023-11-09 14:09:07'),
(274, 'PUNTA GUIA', 'P3611', '2023-11-09 14:09:07', '2023-11-09 14:09:07'),
(275, 'RIACHO HE-HE', 'P3611', '2023-11-09 14:09:07', '2023-11-09 14:09:07'),
(276, 'SIETE PALMAS', 'P3613', '2023-11-09 14:09:07', '2023-11-09 14:09:07'),
(277, 'SOL DE MAYO', 'P3611', '2023-11-09 14:09:07', '2023-11-09 14:09:07'),
(278, 'SOL DE MAYO', 'P3613', '2023-11-09 14:09:07', '2023-11-09 14:09:07'),
(279, 'TORO PASO', 'P3611', '2023-11-09 14:09:07', '2023-11-09 14:09:07'),
(280, 'JOSE MARIA PAZ', 'P3611', '2023-11-09 14:09:07', '2023-11-09 14:09:07'),
(281, 'PASO ANGELITO', 'P3611', '2023-11-09 14:09:07', '2023-11-09 14:09:07'),
(282, 'RODEO TAPITI', 'P3613', '2023-11-09 14:09:07', '2023-11-09 14:09:07'),
(283, 'RIACHO NEGRO', 'P3610', '2023-11-09 14:09:07', '2023-11-09 14:09:07'),
(284, '9 DE JULIO', 'P3606', '2023-11-09 14:09:07', '2023-11-09 14:09:07'),
(285, 'BAÑADERO', 'P3603', '2023-11-09 14:09:07', '2023-11-09 14:09:07'),
(286, 'CABO 1° NOROÑA', 'P3603', '2023-11-09 14:09:07', '2023-11-09 14:09:07'),
(287, 'CAMPO HARDY', 'P3603', '2023-11-09 14:09:07', '2023-11-09 14:09:07'),
(288, 'CAMPO SAN RAFAEL', 'P3609', '2023-11-09 14:09:07', '2023-11-09 14:09:07'),
(289, 'PIRANE', 'P3606', '2023-11-09 14:09:07', '2023-11-09 14:09:07'),
(290, 'COLONIA 5 DE OCTUBRE', 'P3606', '2023-11-09 14:09:07', '2023-11-09 14:09:07'),
(291, 'COLONIA CAMPO VILLAFAÑE', 'P3601', '2023-11-09 14:09:07', '2023-11-09 14:09:07'),
(292, 'COLONIA CAMPO VILLAFAÑE', 'P3601', '2023-11-09 14:09:07', '2023-11-09 14:09:07'),
(293, 'COLONIA EL ALBA', 'P3603', '2023-11-09 14:09:07', '2023-11-09 14:09:07'),
(294, 'COLONIA EL CHAJA', 'P3609', '2023-11-09 14:09:07', '2023-11-09 14:09:07'),
(295, 'COLONIA EL COMIENZO', 'P3608', '2023-11-09 14:09:07', '2023-11-09 14:09:07'),
(296, 'COLONIA EL DESAGUADERO', 'P3603', '2023-11-09 14:09:07', '2023-11-09 14:09:07'),
(297, 'COLONIA EL OLVIDO', 'P3609', '2023-11-09 14:09:07', '2023-11-09 14:09:07'),
(298, 'COLONIA EL PALMAR', 'P3603', '2023-11-09 14:09:07', '2023-11-09 14:09:07'),
(299, 'COLONIA EL PROGRESO', 'P3608', '2023-11-09 14:09:07', '2023-11-09 14:09:07'),
(300, 'COLONIA EL RINCON', 'P3601', '2023-11-09 14:09:07', '2023-11-09 14:09:07'),
(301, 'COLONIA EL ZAPALLITO', 'P3603', '2023-11-09 14:09:07', '2023-11-09 14:09:07'),
(302, 'COLONIA ESPERANZA', 'P3609', '2023-11-09 14:09:07', '2023-11-09 14:09:07'),
(303, 'COLONIA ITATI', 'P3601', '2023-11-09 14:09:07', '2023-11-09 14:09:07'),
(304, 'COLONIA LA DISCIPLINA', 'P3606', '2023-11-09 14:09:07', '2023-11-09 14:09:07'),
(305, 'COLONIA LA UNION', 'P3603', '2023-11-09 14:09:07', '2023-11-09 14:09:07'),
(306, 'COLONIA LOMA SENES', 'P3606', '2023-11-09 14:09:07', '2023-11-09 14:09:07'),
(307, 'COLONIA PAMPA VILLANUEVA', 'P3603', '2023-11-09 14:09:07', '2023-11-09 14:09:07'),
(308, 'COLONIA RIGONATO', 'P3606', '2023-11-09 14:09:07', '2023-11-09 14:09:07'),
(309, 'COLONIA RODA', 'P3603', '2023-11-09 14:09:07', '2023-11-09 14:09:07'),
(310, 'COLONIA SANTA CRUZ', 'P3606', '2023-11-09 14:09:07', '2023-11-09 14:09:07'),
(311, 'COLONIA WEITZEL', 'P3603', '2023-11-09 14:09:07', '2023-11-09 14:09:07'),
(312, 'COPO BLANCO', 'P3608', '2023-11-09 14:09:07', '2023-11-09 14:09:07'),
(313, 'COSTA RIACHO ALAZAN', 'P3609', '2023-11-09 14:09:07', '2023-11-09 14:09:07'),
(314, 'EL ALBA', 'P3603', '2023-11-09 14:09:07', '2023-11-09 14:09:07'),
(315, 'EL BOSQUECILLO', 'P3606', '2023-11-09 14:09:07', '2023-11-09 14:09:07'),
(316, 'EL COATI', 'P3606', '2023-11-09 14:09:07', '2023-11-09 14:09:07'),
(317, 'EL COLORADO', 'P3603', '2023-11-09 14:09:07', '2023-11-09 14:09:07'),
(318, 'EL CORRALITO', 'P3606', '2023-11-09 14:09:07', '2023-11-09 14:09:07'),
(319, 'EL GATO', 'P3609', '2023-11-09 14:09:07', '2023-11-09 14:09:07'),
(320, 'EL GUAJO', 'P3606', '2023-11-09 14:09:07', '2023-11-09 14:09:07'),
(321, 'EL IBAGAY', 'P3606', '2023-11-09 14:09:07', '2023-11-09 14:09:07'),
(322, 'EL PIQUETE', 'P3600', '2023-11-09 14:09:07', '2023-11-09 14:09:07'),
(323, 'EL POI', 'P3602', '2023-11-09 14:09:07', '2023-11-09 14:09:07'),
(324, 'EL RESGUARDO', 'P3608', '2023-11-09 14:09:07', '2023-11-09 14:09:07'),
(325, 'EL SALADILLO', 'P3609', '2023-11-09 14:09:07', '2023-11-09 14:09:07'),
(326, 'EL SALADO', 'P3606', '2023-11-09 14:09:07', '2023-11-09 14:09:07'),
(327, 'ESTERO PATIÑO', 'P3608', '2023-11-09 14:09:07', '2023-11-09 14:09:07'),
(328, 'KILOMETRO 142', 'P3609', '2023-11-09 14:09:07', '2023-11-09 14:09:07'),
(329, 'KILOMETRO 210', 'P3602', '2023-11-09 14:09:07', '2023-11-09 14:09:07'),
(330, 'KILOMETRO 224', 'P3603', '2023-11-09 14:09:07', '2023-11-09 14:09:07'),
(331, 'LA ESPERANZA', 'P3606', '2023-11-09 14:09:07', '2023-11-09 14:09:07'),
(332, 'LA FLORESTA', 'P3606', '2023-11-09 14:09:07', '2023-11-09 14:09:07'),
(333, 'LA LOMA', 'P3606', '2023-11-09 14:09:07', '2023-11-09 14:09:07'),
(334, 'LA PICADITA', 'P3609', '2023-11-09 14:09:07', '2023-11-09 14:09:07'),
(335, 'LA SIRENA', 'P3602', '2023-11-09 14:09:07', '2023-11-09 14:09:07'),
(336, 'LAS CAÑITAS', 'P3601', '2023-11-09 14:09:07', '2023-11-09 14:09:07'),
(337, 'LOMA DEL QUEBRANTO', 'P3606', '2023-11-09 14:09:07', '2023-11-09 14:09:07'),
(338, 'LOS MATACOS', 'P3608', '2023-11-09 14:09:07', '2023-11-09 14:09:07'),
(339, 'LOTE 108 LADRILLERIA', 'P3603', '2023-11-09 14:09:07', '2023-11-09 14:09:07'),
(340, 'LOTE 11', 'P3608', '2023-11-09 14:09:07', '2023-11-09 14:09:07'),
(341, 'LOTE 17-LEGUA A', 'P3602', '2023-11-09 14:09:07', '2023-11-09 14:09:07'),
(342, 'MERCEDES CUE', 'P3609', '2023-11-09 14:09:07', '2023-11-09 14:09:07'),
(343, 'MONTE LINDO', 'P3606', '2023-11-09 14:09:07', '2023-11-09 14:09:07'),
(344, 'MONTE QUEMADO', 'P3606', '2023-11-09 14:09:07', '2023-11-09 14:09:07'),
(345, 'MURUA', 'P3606', '2023-11-09 14:09:07', '2023-11-09 14:09:07'),
(346, 'PALO SANTO', 'P3608', '2023-11-09 14:09:07', '2023-11-09 14:09:07'),
(347, 'PARATODOS', 'P3606', '2023-11-09 14:09:07', '2023-11-09 14:09:07'),
(348, 'PILAGAS III', 'P3606', '2023-11-09 14:09:07', '2023-11-09 14:09:07'),
(349, 'PIRANE', 'P3606', '2023-11-09 14:09:07', '2023-11-09 14:09:07'),
(350, 'POTRERO NORTE', 'P3608', '2023-11-09 14:09:07', '2023-11-09 14:09:07'),
(351, 'POTRERO ÑANDU', 'P3608', '2023-11-09 14:09:07', '2023-11-09 14:09:07'),
(352, 'RACEDO ESCOBAR', 'P3602', '2023-11-09 14:09:07', '2023-11-09 14:09:07'),
(353, 'RODAS', 'P3603', '2023-11-09 14:09:07', '2023-11-09 14:09:07'),
(354, 'VILLA KILOMETRO 213', 'P3603', '2023-11-09 14:09:07', '2023-11-09 14:09:07'),
(355, 'LOMA SENES', 'P3606', '2023-11-09 14:09:07', '2023-11-09 14:09:07'),
(356, 'SOLDADO EDMUNDO SOSA', 'P3601', '2023-11-09 14:09:07', '2023-11-09 14:09:07'),
(357, 'LOTE 219', 'P3602', '2023-11-09 14:09:07', '2023-11-09 14:09:07'),
(358, 'CENTRO FORESTAL PIRANE', 'P3606', '2023-11-09 14:09:07', '2023-11-09 14:09:07'),
(359, 'LA LOMITA', 'P3606', '2023-11-09 14:09:07', '2023-11-09 14:09:07'),
(360, 'LOMA SENES SUR', 'P3606', '2023-11-09 14:09:07', '2023-11-09 14:09:07'),
(361, 'LOTE 31 MAYOR VILLAFAÑE', 'P3601', '2023-11-09 14:09:07', '2023-11-09 14:09:07'),
(362, 'LOMA ALBERDI', 'P3606', '2023-11-09 14:09:07', '2023-11-09 14:09:07'),
(363, 'CAMPO DEL ACHA', 'P3636', '2023-11-09 14:09:07', '2023-11-09 14:09:07'),
(364, 'EL ALAMBRADO', 'P3636', '2023-11-09 14:09:07', '2023-11-09 14:09:07'),
(365, 'EL ALGARROBO', 'P3636', '2023-11-09 14:09:07', '2023-11-09 14:09:07'),
(366, 'EL CHIVIL', 'P3636', '2023-11-09 14:09:07', '2023-11-09 14:09:07'),
(367, 'EL DIVISADERO', 'P3636', '2023-11-09 14:09:07', '2023-11-09 14:09:07'),
(368, 'EL PALMARCITO', 'P3636', '2023-11-09 14:09:07', '2023-11-09 14:09:07'),
(369, 'EL POTRILLO', 'P3636', '2023-11-09 14:09:07', '2023-11-09 14:09:07'),
(370, 'EL ROSARIO', 'P3636', '2023-11-09 14:09:07', '2023-11-09 14:09:07'),
(371, 'EL SILENCIO', 'P3636', '2023-11-09 14:09:07', '2023-11-09 14:09:07'),
(372, 'EL TABIQUE', 'P3636', '2023-11-09 14:09:07', '2023-11-09 14:09:07'),
(373, 'EL TUCUMANCITO', 'P3636', '2023-11-09 14:09:07', '2023-11-09 14:09:07'),
(374, 'LA BREA', 'P3636', '2023-11-09 14:09:07', '2023-11-09 14:09:07'),
(375, 'LA MOCHA', 'P3636', '2023-11-09 14:09:07', '2023-11-09 14:09:07'),
(376, 'LOTE 1', 'P3636', '2023-11-09 14:09:07', '2023-11-09 14:09:07'),
(377, 'LOTE 8', 'P3636', '2023-11-09 14:09:07', '2023-11-09 14:09:07'),
(378, 'MARIA CRISTINA', 'P3636', '2023-11-09 14:09:07', '2023-11-09 14:09:07'),
(379, 'MISION SAN ANDRES', 'P3636', '2023-11-09 14:09:07', '2023-11-09 14:09:07'),
(380, 'PALMAR LARGO', 'P3636', '2023-11-09 14:09:07', '2023-11-09 14:09:07'),
(381, 'PALO SECO', 'P3636', '2023-11-09 14:09:07', '2023-11-09 14:09:07'),
(382, 'POZO CERCADO', 'P3636', '2023-11-09 14:09:07', '2023-11-09 14:09:07'),
(383, 'SAN MARTIN', 'P3636', '2023-11-09 14:09:07', '2023-11-09 14:09:07'),
(384, 'SANTA ROSA', 'P3615', '2023-11-09 14:09:07', '2023-11-09 14:09:07'),
(385, 'SANTA TERESA', 'P3636', '2023-11-09 14:09:07', '2023-11-09 14:09:07'),
(386, 'TRES PALMAS', 'P3636', '2023-11-09 14:09:07', '2023-11-09 14:09:07'),
(387, 'TRES POZOS', 'P3636', '2023-11-09 14:09:07', '2023-11-09 14:09:07'),
(388, 'BARRIO EL FAVORITO', 'P3636', '2023-11-09 14:09:07', '2023-11-09 14:09:07'),
(389, 'EL BREAL', 'P3636', '2023-11-09 14:09:07', '2023-11-09 14:09:07'),
(390, 'EL CHORRO', 'P3636', '2023-11-09 14:09:07', '2023-11-09 14:09:07'),
(391, 'EL CRUCE', 'P3636', '2023-11-09 14:09:07', '2023-11-09 14:09:07'),
(392, 'EL ESTANQUE', 'P3636', '2023-11-09 14:09:07', '2023-11-09 14:09:07'),
(393, 'EL QUEBRACHO', 'P3636', '2023-11-09 14:09:07', '2023-11-09 14:09:07'),
(394, 'EL TRONQUITO', 'P3636', '2023-11-09 14:09:07', '2023-11-09 14:09:07'),
(395, 'LA PAMPA', 'P3636', '2023-11-09 14:09:07', '2023-11-09 14:09:07'),
(396, 'LAS CAÑITAS', 'P3636', '2023-11-09 14:09:07', '2023-11-09 14:09:07'),
(397, 'POZO LA CHIVA', 'P3636', '2023-11-09 14:09:07', '2023-11-09 14:09:07'),
(398, 'SAN MIGUEL', 'P3636', '2023-11-09 14:09:07', '2023-11-09 14:09:07'),
(399, 'COMUNIDAD 7 DE JUNIO', 'P3636', '2023-11-09 14:09:07', '2023-11-09 14:09:07'),
(400, 'VILLA DEVOTO', 'P3636', '2023-11-09 14:09:07', '2023-11-09 14:09:07'),
(401, 'POZO DEL OSO', 'P3636', '2023-11-09 14:09:07', '2023-11-09 14:09:07'),
(402, 'EL SOL', 'P3636', '2023-11-09 14:09:07', '2023-11-09 14:09:07'),
(403, 'POZO CHARATA', 'P3636', '2023-11-09 14:09:07', '2023-11-09 14:09:07'),
(404, 'POZO CABALLO', 'P3636', '2023-11-09 14:09:07', '2023-11-09 14:09:07'),
(405, 'LA BATERIA', 'P3636', '2023-11-09 14:09:07', '2023-11-09 14:09:07'),
(406, 'COMUNIDAD ABORIGEN WICHI', 'P3636', '2023-11-09 14:09:07', '2023-11-09 14:09:07'),
(407, 'LAS PALMITAS', 'P3636', '2023-11-09 14:09:07', '2023-11-09 14:09:07'),
(408, 'COMUNIDAD WICHI OBLITAJ', 'P3636', '2023-11-09 14:09:07', '2023-11-09 14:09:07'),
(409, 'PUERTO IRIGOYEN', 'P3636', '2023-11-09 14:09:07', '2023-11-09 14:09:07'),
(410, 'COMUNIDAD WICHI BARRIO EL COLORADO', 'P3636', '2023-11-09 14:09:07', '2023-11-09 14:09:07'),
(411, 'EL SAUZALITO', 'P3636', '2023-11-09 14:09:07', '2023-11-09 14:09:07'),
(412, 'POSTA ZALAZAR ', 'P3636', '2023-11-09 14:09:07', '2023-11-09 14:09:07'),
(413, 'LAS CAÑITAS', 'P3636', '2023-11-09 14:09:07', '2023-11-09 14:09:07'),
(414, 'COL. SAN JOSE', 'P3636', '2023-11-09 14:09:07', '2023-11-09 14:09:07');

-- --------------------------------------------------------

--
-- Estructura de tabla para la tabla `materia`
--

DROP TABLE IF EXISTS `materia`;
CREATE TABLE IF NOT EXISTS `materia` (
  `id_materia` int NOT NULL AUTO_INCREMENT,
  `descripcion` varchar(255) NOT NULL,
  `createdAt` datetime NOT NULL,
  `updatedAt` datetime NOT NULL,
  PRIMARY KEY (`id_materia`)
) ENGINE=InnoDB AUTO_INCREMENT=15 DEFAULT CHARSET=utf8mb4 COLLATE=utf8mb4_0900_ai_ci;

--
-- Volcado de datos para la tabla `materia`
--

INSERT INTO `materia` (`id_materia`, `descripcion`, `createdAt`, `updatedAt`) VALUES
(1, 'TALLER DE LENGUAJE DE PROGRAMACION', '2023-11-09 14:09:07', '2023-11-09 14:09:07'),
(2, 'ARQUITECTURA Y SISTEMAS OPERATIVOS', '2023-11-09 14:09:07', '2023-11-09 14:09:07'),
(3, 'ALGORITMOS Y ESTRUCTURAS DE DATOS', '2023-11-09 14:09:07', '2023-11-09 14:09:07'),
(4, 'BASE DE DATOS I', '2023-11-09 14:09:07', '2023-11-09 14:09:07'),
(5, 'TALLER DE INTEGRACION I', '2023-11-09 14:09:07', '2023-11-09 14:09:07'),
(6, 'MATEMATICA APLICADA I', '2023-11-09 14:09:07', '2023-11-09 14:09:07'),
(7, 'INGLES I', '2023-11-09 14:09:07', '2023-11-09 14:09:07'),
(8, 'MATEMATICA APLICADA II', '2023-11-09 14:09:07', '2023-11-09 14:09:07'),
(9, 'INGLES II', '2023-11-09 14:09:07', '2023-11-09 14:09:07'),
(10, 'BASE DE DATOS II', '2023-11-09 14:09:07', '2023-11-09 14:09:07'),
(11, 'INGENIERIA DE SOFTWARE', '2023-11-09 14:09:07', '2023-11-09 14:09:07'),
(12, 'TALLER DE INTEGRACION II', '2023-11-09 14:09:07', '2023-11-09 14:09:07'),
(13, 'ORIENTACION Y VALORES', '2023-11-09 14:09:07', '2023-11-09 14:09:07'),
(14, 'MINERIA DE DATOS', '2023-11-09 14:09:07', '2023-11-09 14:09:07');

-- --------------------------------------------------------

--
-- Estructura de tabla para la tabla `nivels`
--

DROP TABLE IF EXISTS `nivels`;
CREATE TABLE IF NOT EXISTS `nivels` (
  `id_nivel` int NOT NULL AUTO_INCREMENT,
  `descripcion` varchar(255) NOT NULL,
  `createdAt` datetime NOT NULL,
  `updatedAt` datetime NOT NULL,
  PRIMARY KEY (`id_nivel`)
) ENGINE=InnoDB AUTO_INCREMENT=7 DEFAULT CHARSET=utf8mb4 COLLATE=utf8mb4_0900_ai_ci;

--
-- Volcado de datos para la tabla `nivels`
--

INSERT INTO `nivels` (`id_nivel`, `descripcion`, `createdAt`, `updatedAt`) VALUES
(1, 'Secundaria completa', '2023-11-09 14:09:07', '2023-11-09 14:09:07'),
(2, 'Secundaria incompleta', '2023-11-09 14:09:07', '2023-11-09 14:09:07'),
(3, 'Terciario completo', '2023-11-09 14:09:07', '2023-11-09 14:09:07'),
(4, 'Terciario incompleto', '2023-11-09 14:09:07', '2023-11-09 14:09:07'),
(5, 'Universitario completo', '2023-11-09 14:09:07', '2023-11-09 14:09:07'),
(6, 'Universitario incompleto', '2023-11-09 14:09:07', '2023-11-09 14:09:07');

--
-- Restricciones para tablas volcadas
--

--
-- Filtros para la tabla `encuesta`
--
ALTER TABLE `encuesta`
  ADD CONSTRAINT `encuesta_ibfk_1` FOREIGN KEY (`id_localidad`) REFERENCES `localidades` (`id_localidad`) ON DELETE CASCADE ON UPDATE CASCADE,
  ADD CONSTRAINT `encuesta_ibfk_10` FOREIGN KEY (`id_localidad`) REFERENCES `localidades` (`id_localidad`) ON DELETE CASCADE ON UPDATE CASCADE,
  ADD CONSTRAINT `encuesta_ibfk_11` FOREIGN KEY (`id_genero`) REFERENCES `generos` (`id_genero`) ON DELETE CASCADE ON UPDATE CASCADE,
  ADD CONSTRAINT `encuesta_ibfk_12` FOREIGN KEY (`id_nivel`) REFERENCES `nivels` (`id_nivel`) ON DELETE CASCADE ON UPDATE CASCADE,
  ADD CONSTRAINT `encuesta_ibfk_13` FOREIGN KEY (`id_localidad`) REFERENCES `localidades` (`id_localidad`) ON DELETE CASCADE ON UPDATE CASCADE,
  ADD CONSTRAINT `encuesta_ibfk_14` FOREIGN KEY (`id_genero`) REFERENCES `generos` (`id_genero`) ON DELETE CASCADE ON UPDATE CASCADE,
  ADD CONSTRAINT `encuesta_ibfk_15` FOREIGN KEY (`id_nivel`) REFERENCES `nivels` (`id_nivel`) ON DELETE CASCADE ON UPDATE CASCADE,
  ADD CONSTRAINT `encuesta_ibfk_2` FOREIGN KEY (`id_genero`) REFERENCES `generos` (`id_genero`) ON DELETE CASCADE ON UPDATE CASCADE,
  ADD CONSTRAINT `encuesta_ibfk_3` FOREIGN KEY (`id_nivel`) REFERENCES `nivels` (`id_nivel`) ON DELETE CASCADE ON UPDATE CASCADE,
  ADD CONSTRAINT `encuesta_ibfk_4` FOREIGN KEY (`id_localidad`) REFERENCES `localidades` (`id_localidad`) ON DELETE CASCADE ON UPDATE CASCADE,
  ADD CONSTRAINT `encuesta_ibfk_5` FOREIGN KEY (`id_genero`) REFERENCES `generos` (`id_genero`) ON DELETE CASCADE ON UPDATE CASCADE,
  ADD CONSTRAINT `encuesta_ibfk_6` FOREIGN KEY (`id_nivel`) REFERENCES `nivels` (`id_nivel`) ON DELETE CASCADE ON UPDATE CASCADE,
  ADD CONSTRAINT `encuesta_ibfk_7` FOREIGN KEY (`id_localidad`) REFERENCES `localidades` (`id_localidad`) ON DELETE CASCADE ON UPDATE CASCADE,
  ADD CONSTRAINT `encuesta_ibfk_8` FOREIGN KEY (`id_genero`) REFERENCES `generos` (`id_genero`) ON DELETE CASCADE ON UPDATE CASCADE,
  ADD CONSTRAINT `encuesta_ibfk_9` FOREIGN KEY (`id_nivel`) REFERENCES `nivels` (`id_nivel`) ON DELETE CASCADE ON UPDATE CASCADE;
COMMIT;

/*!40101 SET CHARACTER_SET_CLIENT=@OLD_CHARACTER_SET_CLIENT */;
/*!40101 SET CHARACTER_SET_RESULTS=@OLD_CHARACTER_SET_RESULTS */;
/*!40101 SET COLLATION_CONNECTION=@OLD_COLLATION_CONNECTION */;
